branch,from,to,y,L
0,0,335,13.082156,2.19000
1,1,40,11.528706,2.84000
2,2,1704,20.176341,7.94000
3,3,1641,114.025086,4.76000
4,4,1482,5.304758,2.19000
5,5,337,17.683466,6.50000
6,6,1733,9.523810,4.91000
7,6,1733,9.523810,4.91000
8,7,1295,33.681374,2.38000
9,8,50,83.035788,10.46000
10,8,63,23.453808,10.97000
11,8,63,23.453808,10.97000
12,9,1521,50.065085,10.97000
13,9,1521,50.065085,10.97000
14,10,11,239234.449761,7.36000
15,10,17,491.448791,18.77000
16,11,1341,406.834825,13.00000
17,12,34,301.777469,7.36000
18,12,676,31.739986,15.36000
19,12,1047,2495.570363,10.97000
20,13,1099,3367.003367,9.31000
21,14,16,24390.243902,14.19000
22,14,1051,258.304489,7.36000
23,15,1045,8.991189,4.31000
24,15,1734,44.706724,7.66000
25,16,34,548.365870,8.68000
26,16,325,26.648901,18.77000
27,16,988,59.715753,15.36000
28,16,1047,220.278873,7.36000
29,17,18,56.404761,7.36000
30,17,55,60.049240,7.36000
31,17,806,47.382137,7.36000
32,17,1341,316.937120,10.46000
33,17,1351,272.212544,14.19000
34,17,1567,98.116170,16.46000
35,18,20,22.134177,7.36000
36,18,24,30.172284,7.36000
37,19,658,12.567551,2.40000
38,19,667,47.483381,2.40000
39,19,669,37.936267,2.30000
40,19,671,19.920319,2.38000
41,19,1527,26.816841,2.61000
42,19,1749,11.205737,2.40000
43,20,1399,88.378259,7.92000
44,21,1432,180.766450,11.90000
45,22,1336,1429.143086,10.97000
46,22,1336,1429.143086,10.97000
47,23,743,534.330751,3.66000
48,24,1521,27.962642,10.97000
49,24,1521,27.962642,10.97000
50,25,55,31.068444,13.06000
51,25,1399,38.659296,10.46000
52,26,1479,72.150072,2.05000
53,26,1480,331.125828,2.05000
54,26,1481,147.492625,2.84000
55,27,466,60.606061,2.05000
56,27,590,241.545894,5.67000
57,27,770,182.815356,2.40000
58,27,772,262.467192,2.40000
59,27,779,1694.915254,2.40000
60,27,783,1250.000000,2.50000
61,28,36,3723.146804,8.11000
62,28,139,1138.096647,9.70000
63,28,820,679.717238,7.36000
64,28,894,367.998822,7.36000
65,29,54,314.613812,7.92000
66,29,1432,324.317312,8.68000
67,30,76,214132.762313,7.36000
68,31,565,511.639806,9.70000
69,31,806,871.459695,10.46000
70,31,820,1521.629970,7.36000
71,32,1099,891.424496,6.35000
72,32,1254,156.612166,4.91000
73,32,1254,156.612166,4.91000
74,32,1722,1658.677371,7.31000
75,33,36,8713.837574,7.36000
76,34,1051,546.956189,7.36000
77,35,322,6.603711,2.40000
78,35,345,10.817828,2.19000
79,35,1405,21.349274,2.40000
80,35,1499,25.195263,2.05000
81,35,1500,41.288192,2.40000
82,36,806,338.856698,10.46000
83,37,646,241.545894,2.40000
84,37,647,6666.666667,2.40000
85,37,648,396.825397,2.40000
86,38,1670,23.084026,2.40000
87,39,461,568.181818,2.40000
88,39,463,483.091787,2.40000
89,39,500,1449.275362,2.19000
90,39,769,483.091787,2.40000
91,40,70,9090.909091,2.50000
92,40,693,102.986612,2.40000
93,40,694,64.474533,2.40000
94,40,695,167.224080,2.30000
95,40,749,367.647059,2.40000
96,41,1406,13.255567,2.40000
97,41,1412,31.776295,2.40000
98,41,1671,34.164674,2.40000
99,42,415,40.600893,2.40000
100,43,1463,80.710250,3.07000
101,43,1464,200.400802,2.40000
102,43,1482,14.238929,2.19000
103,43,1730,1724.137931,2.84000
104,44,45,231.481481,3.47000
105,44,1729,6.544931,2.38000
106,45,331,36.416606,3.25000
107,45,334,10.259567,2.86000
108,45,424,4.968203,2.40000
109,46,137,10.810811,2.40000
110,46,1670,54.377379,2.40000
111,47,735,239.234450,2.40000
112,47,1281,396.825397,2.40000
113,47,1812,10000.000000,2.50000
114,48,330,47.326077,3.07000
115,48,332,36.697248,3.47000
116,49,311,310.559006,2.40000
117,49,312,40.849673,2.40000
118,49,315,10.090817,2.40000
119,49,316,38.759690,5.01000
120,49,420,11.971747,2.19000
121,49,421,11.018070,6.50000
122,49,1808,7.742935,6.50000
123,51,1384,68.027211,2.40000
124,51,1390,19.301293,2.30000
125,51,1523,14.459225,2.40000
126,52,1414,13.147515,1.80000
127,52,1419,8.428860,2.40000
128,53,74,406.504065,2.19000
129,53,1474,840.336134,2.40000
130,53,1475,125.000000,2.40000
131,53,1477,49.950050,2.40000
132,54,565,107.863229,14.19000
133,54,1432,166.858554,10.46000
134,55,1341,70.546737,7.36000
135,56,1376,89.928058,2.38000
136,56,1377,26.476039,2.40000
137,57,437,413.223140,2.40000
138,57,682,15.455951,2.19000
139,58,982,119.047619,2.40000
140,58,983,847.457627,2.38000
141,59,942,375.939850,2.30000
142,59,943,43.478261,2.40000
143,60,104,42.247571,2.40000
144,60,744,450.450450,2.40000
145,61,1656,362.318841,2.86000
146,61,1661,95.785441,2.40000
147,62,1767,44.782803,2.19000
148,62,1768,157.232704,2.40000
149,62,1769,552.486188,2.05000
150,64,1454,89.365505,4.91000
151,64,1476,1558.530617,4.35000
152,65,1416,7.794840,2.40000
153,66,79,157.937962,7.36000
154,66,395,127.445358,9.98000
155,67,720,166.389351,2.40000
156,67,722,290.697674,2.40000
157,67,725,182.481752,2.40000
158,68,1483,12.365525,2.84000
159,69,1450,53.208471,5.28000
160,1691,69,53.461641,7.31000
161,70,693,103.626943,2.40000
162,70,749,395.256917,2.19000
163,70,1592,25.220681,2.19000
164,71,1482,41.718815,2.40000
165,72,1444,52.938062,2.40000
166,73,1439,115.207373,2.40000
167,74,1483,24.096386,2.19000
168,75,1444,112.866817,2.40000
169,76,1399,98.328417,7.36000
170,77,461,1075.268817,2.40000
171,77,769,1162.790698,2.40000
172,78,949,155.038760,2.40000
173,78,953,333.333333,2.40000
174,78,990,184.162063,2.19000
175,79,395,84.416681,7.36000
176,80,309,152.905199,2.40000
177,80,315,50.251256,2.05000
178,81,1382,61.274510,2.40000
179,81,1386,42.498938,2.40000
180,82,1073,581.395349,2.93000
181,82,1074,800.000000,2.19000
182,83,471,278.551532,2.40000
183,84,85,719.424460,2.40000
184,84,152,195.694716,2.84000
185,1720,84,343.642612,2.61000
186,84,1740,258.397933,2.40000
187,85,142,418.410042,2.05000
188,86,591,714.285714,2.40000
189,87,1299,2857.142857,5.67000
190,87,1302,606.060606,5.23000
191,88,132,101.936799,2.40000
192,88,1298,161.030596,2.05000
193,89,1468,251.889169,2.40000
194,89,1470,411.522634,2.40000
195,89,1785,23.036167,2.19000
196,90,1360,105.374078,2.38000
197,90,1361,72.046110,2.19000
198,90,1364,215.517241,2.40000
199,90,1687,30.562347,4.18000
200,91,299,289.017341,3.07000
201,91,1689,20.794344,2.84000
202,92,425,39.016777,2.40000
203,93,137,11.431184,1.80000
204,94,325,15.797040,8.68000
205,94,1020,352.733686,9.70000
206,95,453,19.007793,2.05000
207,96,958,78.492936,2.40000
208,96,964,242.718447,2.40000
209,96,998,114.155251,2.40000
210,97,1414,27.563396,1.80000
211,98,815,1408.450704,2.86000
212,98,815,1408.450704,2.86000
213,98,818,1851.851852,2.40000
214,99,1382,69.204152,2.40000
215,100,934,17.143837,2.05000
216,100,1037,33.726813,2.40000
217,101,1383,14.983518,1.80000
218,101,1385,21.668472,1.80000
219,101,1523,16.181230,2.40000
220,102,644,35.014006,2.40000
221,102,645,38.684720,2.40000
222,103,640,66.755674,3.81000
223,103,946,6.093103,2.86000
224,103,946,6.093103,2.86000
225,104,739,145.348837,2.40000
226,104,740,1250.000000,2.40000
227,105,1378,194.552529,2.40000
228,106,334,5.258176,2.19000
229,106,1381,14.673514,6.50000
230,106,1737,12.003361,2.40000
231,107,1485,188.697047,10.23000
232,107,1486,370.384088,9.46000
233,108,1738,42.194093,1.80000
234,109,905,97.656250,3.07000
235,109,906,432.900433,2.40000
236,110,1384,404.858300,1.80000
237,111,1377,10.749221,2.40000
238,111,1379,15.733166,2.40000
239,111,1738,4.002081,1.80000
240,112,1354,280.112045,2.40000
241,112,1365,395.256917,2.40000
242,113,1385,41.597338,1.80000
243,114,460,1515.151515,5.01000
244,114,462,1075.268817,6.14000
245,114,532,56.116723,2.84000
246,114,1747,456.621005,4.76000
247,1790,115,127.388535,2.40000
248,116,445,46.082949,2.40000
249,117,1380,53.475936,1.80000
250,118,459,3644.447684,12.51000
251,118,798,271.032090,10.46000
252,119,904,118.906064,2.05000
253,119,905,100.401606,2.40000
254,909,119,22.619317,2.40000
255,120,121,298.507463,2.40000
256,120,127,150.829563,2.40000
257,121,1776,115.074799,2.40000
258,122,124,155.520995,2.40000
259,1716,123,257.731959,2.19000
260,123,1776,294.985251,2.40000
261,123,1784,17.711654,2.40000
262,1716,124,323.624595,3.07000
263,125,126,91.827365,2.40000
264,125,1784,33.411293,2.40000
265,128,130,144.092219,2.40000
266,128,1784,41.736227,2.40000
267,129,135,115.340254,2.40000
268,129,1784,48.614487,2.40000
269,131,136,33.189512,2.40000
270,1706,131,102.774923,2.40000
271,132,1297,71.581961,2.40000
272,133,134,52.826202,2.40000
273,1706,133,218.340611,2.50000
274,134,440,46.382189,2.40000
275,135,136,82.034454,2.40000
276,138,1272,80.645161,2.61000
277,1723,138,362.318841,2.84000
278,139,284,210.251882,7.36000
279,140,141,1176.470588,2.40000
280,1740,140,990.099010,2.40000
281,141,142,1470.588235,2.40000
282,143,147,297.619048,2.40000
283,143,152,242.130751,2.40000
284,144,145,649.350649,2.40000
285,144,148,1075.268817,2.40000
286,145,1273,88.809947,2.05000
287,1740,146,434.782609,2.40000
288,147,148,304.878049,2.40000
289,147,171,602.409639,2.40000
290,148,168,666.666667,2.40000
291,149,150,892.857143,2.40000
292,150,151,1041.666667,2.40000
293,151,152,613.496933,2.40000
294,153,155,378.787879,2.40000
295,153,1278,168.634064,2.40000
296,154,155,483.091787,2.05000
297,154,156,746.268657,2.19000
298,156,158,671.140940,2.19000
299,157,175,374.531835,2.40000
300,158,163,324.675325,2.19000
301,159,160,1111.111111,2.40000
302,159,179,1010.101010,2.40000
303,159,256,561.797753,2.40000
304,161,162,862.068966,2.40000
305,161,173,645.161290,2.40000
306,1740,162,145.985401,2.40000
307,162,1760,226.244344,2.19000
308,163,197,746.268657,2.61000
309,164,192,462.962963,2.40000
310,164,194,909.090909,2.40000
311,1720,164,51.334702,2.50000
312,165,169,709.219858,2.40000
313,165,189,250.626566,2.50000
314,165,1761,452.488688,3.17000
315,166,167,1315.789474,2.40000
316,166,170,561.797753,2.40000
317,166,177,274.725275,2.40000
318,166,186,680.272109,2.40000
319,167,174,1190.476190,2.40000
320,168,174,1162.790698,2.40000
321,169,172,990.099010,2.40000
322,170,171,917.431193,2.40000
323,172,173,1176.470588,2.40000
324,175,176,847.457627,2.40000
325,175,179,384.615385,2.40000
326,176,178,1041.666667,2.40000
327,177,187,854.700855,2.05000
328,178,180,1265.822785,2.40000
329,179,180,1298.701299,2.40000
330,180,182,1086.956522,2.40000
331,181,182,3333.333333,2.40000
332,181,185,2173.913043,2.40000
333,182,256,591.715976,2.40000
334,183,184,1265.822785,2.40000
335,183,260,943.396226,2.40000
336,184,191,1388.888889,2.40000
337,184,247,418.410042,2.40000
338,185,189,952.380952,2.40000
339,186,190,1666.666667,2.40000
340,187,226,625.000000,2.05000
341,188,192,826.446281,2.40000
342,188,210,819.672131,2.40000
343,189,193,854.700855,2.40000
344,190,192,1492.537313,2.40000
345,191,193,1041.666667,2.40000
346,194,209,653.594771,2.40000
347,195,196,1639.344262,2.84000
348,195,201,476.190476,2.40000
349,195,215,181.488203,2.40000
350,195,1761,193.423598,3.07000
351,196,198,1265.822785,2.84000
352,197,200,909.090909,2.61000
353,198,261,1538.461538,2.61000
354,199,200,1204.819277,2.38000
355,199,214,321.543408,2.05000
356,199,216,719.424460,2.40000
357,201,203,689.655172,2.40000
358,202,216,476.190476,2.84000
359,202,218,460.829493,3.17000
360,202,687,51.072523,4.18000
361,203,206,1234.567901,2.40000
362,204,205,675.675676,2.40000
363,204,206,847.457627,2.40000
364,204,267,520.833333,2.40000
365,205,273,502.512563,2.40000
366,206,211,884.955752,2.40000
367,207,209,483.091787,2.40000
368,207,1741,152.207002,2.93000
369,208,213,699.300699,2.40000
370,208,238,403.225806,2.38000
371,210,214,719.424460,2.40000
372,211,903,787.401575,2.40000
373,212,217,819.672131,2.40000
374,212,903,653.594771,2.40000
375,213,215,1449.275362,2.40000
376,214,1741,160.256410,2.50000
377,215,217,729.927007,2.40000
378,215,219,277.008310,2.38000
379,216,220,271.739130,2.61000
380,218,1741,334.448161,3.07000
381,219,225,396.825397,2.84000
382,220,221,1470.588235,2.40000
383,220,1741,218.818381,2.05000
384,221,222,1449.275362,2.40000
385,222,223,1818.181818,2.40000
386,223,227,1190.476190,2.40000
387,224,225,485.436893,2.61000
388,224,1539,1111.111111,2.19000
389,225,232,900.900901,2.40000
390,226,227,1030.927835,2.40000
391,226,228,735.294118,2.40000
392,226,235,505.050505,2.05000
393,228,229,1265.822785,2.40000
394,228,230,431.034483,2.40000
395,229,231,740.740741,2.40000
396,230,250,452.488688,2.40000
397,231,233,1470.588235,2.40000
398,231,248,174.825175,2.40000
399,231,276,420.168067,2.40000
400,232,234,751.879699,2.38000
401,232,236,980.392157,2.38000
402,232,1552,289.017341,2.40000
403,233,242,628.930818,2.40000
404,234,1553,653.594771,2.38000
405,235,237,1149.425287,2.30000
406,236,238,390.625000,2.61000
407,237,239,411.522634,2.05000
408,239,1742,425.531915,2.61000
409,240,241,1041.666667,2.40000
410,240,246,1587.301587,2.40000
411,241,242,1010.101010,2.40000
412,242,243,1282.051282,2.40000
413,242,245,806.451613,2.40000
414,243,278,561.797753,2.40000
415,244,245,952.380952,2.40000
416,244,253,900.900901,2.40000
417,244,278,561.797753,2.40000
418,245,248,315.457413,2.40000
419,245,251,1010.101010,2.40000
420,246,248,657.894737,2.40000
421,247,249,1123.595506,2.40000
422,248,283,534.759358,2.40000
423,248,1742,326.797386,2.40000
424,249,250,961.538462,2.40000
425,249,258,662.251656,2.40000
426,250,254,970.873786,2.40000
427,251,257,990.099010,2.40000
428,252,254,1162.790698,2.40000
429,252,256,390.625000,2.40000
430,253,255,970.873786,2.40000
431,255,266,1030.927835,2.40000
432,257,263,900.900901,2.40000
433,258,265,487.804878,2.40000
434,259,260,1123.595506,2.40000
435,259,261,1123.595506,2.50000
436,259,262,833.333333,2.40000
437,262,265,934.579439,2.40000
438,263,274,1010.101010,2.40000
439,264,265,980.392157,2.40000
440,264,268,740.740741,2.40000
441,265,270,1282.051282,2.40000
442,265,271,371.747212,2.40000
443,266,272,990.099010,2.40000
444,267,273,362.318841,2.40000
445,268,271,934.579439,2.40000
446,269,280,689.655172,2.05000
447,269,282,574.712644,2.40000
448,270,276,961.538462,2.40000
449,271,275,990.099010,2.40000
450,272,280,540.540541,2.40000
451,273,1798,82.918740,2.40000
452,274,279,884.955752,2.40000
453,275,278,1315.789474,2.40000
454,277,283,649.350649,2.05000
455,277,1798,308.641975,2.30000
456,279,281,892.857143,2.40000
457,280,281,1724.137931,2.40000
458,280,1798,193.798450,2.40000
459,282,1568,709.219858,2.40000
460,284,1567,970.873786,7.92000
461,285,898,128.047531,3.66000
462,285,1797,577.034045,4.35000
463,286,287,154.559505,2.19000
464,286,1690,13.970383,3.25000
465,287,293,75.075075,2.40000
466,287,295,67.204301,2.05000
467,1813,287,60.716454,2.40000
468,288,289,37.950664,2.40000
469,288,349,28.121485,2.40000
470,289,291,43.459365,2.40000
471,290,296,22.619317,2.40000
472,290,1495,30.988534,2.40000
473,291,292,101.626016,2.40000
474,292,293,155.763240,2.40000
475,294,329,22.065313,2.40000
476,294,354,12.248898,2.40000
477,295,297,22.276676,2.40000
478,296,297,84.674005,2.40000
479,297,298,128.865979,2.40000
480,297,1497,23.078698,2.40000
481,297,1743,6.220066,2.40000
482,299,1670,11.018070,6.50000
483,300,1044,43.535046,2.61000
484,300,1534,45.516614,2.61000
485,301,302,35.014006,2.40000
486,301,1044,26.350461,2.40000
487,302,303,42.900043,2.40000
488,303,304,45.289855,2.40000
489,304,307,61.576355,2.40000
490,305,306,31.857279,2.40000
491,305,1001,29.095141,2.40000
492,306,1504,35.778175,2.40000
493,307,308,225.733634,2.40000
494,310,316,102.774923,4.76000
495,310,419,38.314176,4.76000
496,312,313,39.920160,2.40000
497,312,314,8.276775,2.40000
498,317,318,197.238659,2.40000
499,317,322,79.491256,2.40000
500,318,322,67.980965,2.19000
501,318,1807,8.884151,3.99000
502,319,320,48.473097,2.40000
503,319,1407,38.491147,2.40000
504,320,321,304.878049,2.40000
505,321,322,109.170306,2.40000
506,323,326,30.385901,2.40000
507,323,645,27.397260,2.40000
508,324,327,21.848372,2.40000
509,324,1002,13.152703,2.40000
510,325,351,71.448985,7.36000
511,1743,327,163.132137,2.40000
512,328,329,38.167939,2.40000
513,1743,328,19.860973,2.40000
514,330,331,23.724792,3.17000
515,332,333,59.276823,3.47000
516,1724,333,375.939850,3.47000
517,334,335,24.195500,2.84000
518,336,337,27.563396,2.40000
519,336,1298,40.192926,2.40000
520,337,338,27.114967,2.40000
521,1711,337,24.624477,2.93000
522,338,342,35.211268,2.40000
523,339,340,164.744646,2.40000
524,339,341,45.620438,2.40000
525,1711,340,78.492936,2.30000
526,341,343,30.609122,2.40000
527,342,363,20.312817,2.40000
528,343,365,37.735849,2.40000
529,344,345,52.938062,2.40000
530,344,997,15.463120,2.40000
531,345,347,114.025086,2.40000
532,345,348,79.872204,2.40000
533,346,347,82.781457,2.40000
534,346,348,85.106383,2.40000
535,346,349,23.293734,2.40000
536,346,350,31.181790,2.40000
537,346,998,8.796622,2.40000
538,347,348,374.531835,2.40000
539,350,1495,18.960940,2.40000
540,350,1503,24.931439,2.40000
541,351,352,124.052549,7.36000
542,351,929,26.337275,7.36000
543,352,1688,42.488103,13.06000
544,353,1484,87.834870,10.23000
545,1744,353,70.726360,7.31000
546,353,1809,21.438525,9.46000
547,354,1490,16.257519,2.30000
548,1745,354,16.471751,2.50000
549,355,363,28.272547,2.40000
550,355,370,36.509675,2.40000
551,356,357,51.546392,2.40000
552,356,370,32.927231,2.40000
553,357,364,38.402458,2.40000
554,358,1056,37.907506,2.40000
555,1705,358,32.195750,2.84000
556,359,371,159.744409,2.40000
557,1705,359,88.105727,2.40000
558,1728,359,94.966762,2.40000
559,360,371,142.247511,2.40000
560,360,1057,62.774639,2.40000
561,1728,360,42.900043,2.40000
562,361,362,120.048019,2.40000
563,361,1512,41.442188,2.40000
564,362,366,155.520995,2.40000
565,364,1055,44.543430,2.40000
566,365,368,40.983607,2.40000
567,366,372,205.338809,2.40000
568,367,1510,50.942435,2.40000
569,367,1511,61.957869,2.40000
570,368,370,33.344448,2.40000
571,369,374,110.619469,2.40000
572,1705,371,52.966102,2.40000
573,1728,371,55.555556,2.40000
574,372,373,323.624595,2.40000
575,1728,373,26.932400,2.19000
576,1705,374,81.234768,2.40000
577,375,421,135.317997,2.40000
578,376,377,347.222222,2.40000
579,377,378,291.545190,2.40000
580,378,394,132.625995,2.40000
581,379,384,218.818381,2.40000
582,379,423,323.624595,2.40000
583,380,382,334.448161,2.40000
584,380,910,197.628458,2.40000
585,381,382,280.898876,2.40000
586,381,383,156.985871,2.40000
587,383,422,66.622252,2.40000
588,1731,383,43.572985,2.40000
589,384,385,331.125828,2.40000
590,385,386,244.498778,2.40000
591,386,388,319.488818,2.40000
592,1731,387,41.271151,2.40000
593,389,390,116.009281,2.40000
594,389,907,71.377587,2.40000
595,390,392,134.589502,2.40000
596,390,408,105.708245,2.19000
597,1731,391,103.199174,2.40000
598,393,394,265.957447,2.40000
599,394,1746,136.798906,2.40000
600,395,1669,57.388809,8.68000
601,395,1810,33.415759,19.59000
602,396,400,127.388535,2.40000
603,1746,396,126.582278,2.40000
604,397,398,157.728707,2.40000
605,1746,397,158.227848,2.40000
606,399,404,45.330916,2.05000
607,399,406,60.716454,2.40000
608,1746,399,77.881620,2.40000
609,400,421,93.984962,2.40000
610,401,402,106.157113,3.84000
611,401,404,68.399453,2.50000
612,402,403,95.057034,3.84000
613,403,417,86.956522,3.99000
614,405,406,76.394194,2.40000
615,405,415,59.031877,2.40000
616,407,414,67.750678,2.40000
617,1746,407,36.630037,2.19000
618,408,409,61.957869,2.40000
619,409,411,50.251256,2.05000
620,410,411,170.357751,2.50000
621,410,430,43.975374,2.38000
622,412,413,151.285930,2.40000
623,412,415,47.370914,2.19000
624,412,439,30.740855,3.47000
625,413,414,123.915737,2.40000
626,416,420,12.531328,2.19000
627,416,1670,28.918450,2.40000
628,417,418,158.982512,3.99000
629,418,419,85.178876,4.18000
630,421,422,67.796610,2.30000
631,1746,422,52.246604,2.40000
632,1731,423,110.011001,2.40000
633,425,424,6.337939,2.84000
634,426,945,6.337939,2.84000
635,427,428,46.019328,2.40000
636,427,684,67.159167,2.40000
637,429,436,30.266344,2.05000
638,429,682,34.246575,2.05000
639,430,431,29.282577,2.40000
640,430,1033,15.290520,2.19000
641,431,432,274.725275,3.81000
642,431,439,33.795201,3.47000
643,432,433,389.105058,2.19000
644,432,434,257.731959,2.40000
645,433,435,497.512438,2.19000
646,434,437,188.323917,2.40000
647,435,436,342.465753,2.05000
648,438,641,32.520325,2.40000
649,440,443,46.860356,2.40000
650,441,442,32.948929,2.40000
651,1712,441,19.409938,2.40000
652,442,1518,19.782394,2.40000
653,443,444,60.716454,2.40000
654,1711,443,45.703839,2.40000
655,1711,444,261.780105,2.40000
656,445,1505,34.989503,2.40000
657,446,1505,35.778175,2.40000
658,1711,446,43.122035,2.61000
659,447,937,25.252525,2.40000
660,447,1053,17.664724,2.40000
661,448,945,42.992261,2.40000
662,449,450,186.915888,2.84000
663,449,451,43.763676,2.84000
664,450,685,24.172105,2.19000
665,451,452,39.478879,2.50000
666,452,924,49.261084,2.50000
667,453,454,35.075412,2.40000
668,454,640,20.354162,2.40000
669,455,457,1369.863014,2.40000
670,455,461,429.184549,2.40000
671,456,470,769.230769,2.38000
672,456,1747,1052.631579,2.61000
673,457,458,943.396226,2.40000
674,458,465,709.219858,2.40000
675,459,1681,484.355323,17.86000
676,460,469,1515.151515,5.01000
677,462,468,625.000000,6.50000
678,463,464,510.204082,2.40000
679,464,479,1030.927835,2.40000
680,466,485,173.010381,2.84000
681,1739,466,349.650350,4.18000
682,467,490,1250.000000,5.01000
683,467,1299,198.019802,5.67000
684,468,1303,125.000000,6.50000
685,469,470,1265.822785,2.19000
686,469,473,1492.537313,5.01000
687,470,471,558.659218,2.61000
688,471,472,934.579439,2.84000
689,472,477,806.451613,2.50000
690,473,474,1851.851852,5.01000
691,474,475,1265.822785,5.01000
692,475,476,2000.000000,5.01000
693,476,478,1492.537313,5.01000
694,477,503,833.333333,2.50000
695,478,508,518.134715,5.01000
696,478,558,122.549020,2.40000
697,1747,478,288.184438,5.01000
698,479,480,877.192982,2.40000
699,480,481,1428.571429,2.40000
700,481,482,1282.051282,2.40000
701,482,483,1265.822785,2.40000
702,483,485,952.380952,3.84000
703,1739,483,316.455696,5.67000
704,484,485,591.715976,3.17000
705,484,576,233.644860,2.93000
706,485,487,1219.512195,2.05000
707,486,490,537.634409,4.76000
708,486,492,751.879699,4.76000
709,487,488,1219.512195,2.05000
710,488,489,1052.631579,2.40000
711,489,491,719.424460,2.40000
712,491,499,591.715976,2.40000
713,492,494,1612.903226,4.18000
714,493,494,1754.385965,3.99000
715,493,517,1470.588235,3.99000
716,495,497,578.034682,2.40000
717,495,500,1492.537313,2.40000
718,496,507,729.927007,2.40000
719,496,590,193.798450,2.40000
720,497,498,1010.101010,2.40000
721,498,499,892.857143,2.40000
722,501,502,793.650794,2.40000
723,501,534,1538.461538,2.40000
724,502,530,751.879699,2.40000
725,503,504,1075.268817,2.38000
726,504,506,793.650794,2.30000
727,505,507,465.116279,2.12000
728,505,530,826.446281,2.40000
729,507,510,943.396226,2.40000
730,508,567,781.250000,4.76000
731,509,510,709.219858,2.40000
732,509,639,689.655172,2.40000
733,511,512,1351.351351,2.40000
734,511,519,819.672131,2.40000
735,513,514,1388.888889,2.40000
736,513,533,1282.051282,2.40000
737,514,515,1204.819277,2.40000
738,515,516,1190.476190,2.40000
739,516,518,595.238095,2.40000
740,517,520,1785.714286,3.47000
741,518,519,1388.888889,2.40000
742,519,549,689.655172,2.40000
743,520,524,1818.181818,3.47000
744,521,523,613.496933,2.40000
745,521,572,800.000000,2.40000
746,522,525,869.565217,4.76000
747,522,1300,97.847358,5.01000
748,524,525,1818.181818,3.47000
749,525,526,2173.913043,4.76000
750,526,528,952.380952,4.76000
751,527,531,1369.863014,2.40000
752,527,545,1204.819277,2.40000
753,528,529,1219.512195,3.99000
754,529,532,318.471338,3.84000
755,531,539,1162.790698,2.40000
756,532,540,602.409639,2.40000
757,532,542,427.350427,2.40000
758,533,538,581.395349,2.40000
759,533,572,125.786164,2.40000
760,534,607,346.020761,2.40000
761,535,536,2083.333333,2.40000
762,535,608,476.190476,2.40000
763,536,537,970.873786,2.40000
764,537,538,1960.784314,2.40000
765,539,541,645.161290,2.40000
766,541,543,862.068966,2.40000
767,543,614,1030.927835,2.40000
768,544,551,917.431193,2.40000
769,544,617,361.010830,2.40000
770,545,546,1000.000000,2.40000
771,546,547,1219.512195,2.40000
772,547,548,1136.363636,2.40000
773,548,550,1063.829787,2.40000
774,549,570,884.955752,2.40000
775,550,553,952.380952,2.40000
776,551,552,537.634409,2.40000
777,552,560,666.666667,2.40000
778,553,554,1265.822785,2.40000
779,553,559,751.879699,2.40000
780,554,555,1315.789474,2.40000
781,555,557,806.451613,2.05000
782,556,558,595.238095,2.40000
783,557,564,806.451613,2.19000
784,559,562,847.457627,2.40000
785,560,561,769.230769,2.40000
786,561,1201,1408.450704,2.40000
787,562,563,1333.333333,2.84000
788,562,1196,299.401198,2.40000
789,562,1197,961.538462,2.50000
790,563,564,1923.076923,3.81000
791,564,1748,301.204819,4.18000
792,565,806,398.263571,9.60000
793,565,1681,224.764559,18.77000
794,566,568,236.406619,2.40000
795,567,569,632.911392,4.18000
796,568,569,1123.595506,2.61000
797,569,571,1000.000000,2.84000
798,570,573,632.911392,2.40000
799,571,574,492.610837,2.84000
800,571,611,181.159420,3.47000
801,572,573,719.424460,2.40000
802,573,580,408.163265,2.40000
803,1748,573,318.471338,2.05000
804,574,576,699.300699,2.84000
805,575,581,1041.666667,2.40000
806,575,596,862.068966,2.40000
807,1748,575,299.401198,2.40000
808,577,586,617.283951,2.40000
809,578,579,1351.351351,2.40000
810,578,607,531.914894,2.40000
811,580,583,819.672131,2.19000
812,580,584,990.099010,2.40000
813,581,582,1020.408163,2.40000
814,581,583,709.219858,2.40000
815,582,592,684.931507,2.40000
816,583,591,613.496933,2.19000
817,583,592,315.457413,2.40000
818,584,585,1333.333333,2.40000
819,585,587,1149.425287,2.40000
820,586,587,877.192982,2.40000
821,588,589,1136.363636,2.05000
822,588,639,476.190476,2.40000
823,589,590,1098.901099,2.05000
824,592,593,490.196078,2.40000
825,592,594,862.068966,2.40000
826,593,600,649.350649,2.40000
827,594,599,1388.888889,2.40000
828,595,597,1265.822785,2.40000
829,596,598,1020.408163,2.40000
830,597,602,156.494523,2.19000
831,598,600,555.555556,2.40000
832,599,600,819.672131,2.40000
833,600,1068,495.049505,2.40000
834,600,1755,112.994350,2.93000
835,601,603,185.873606,2.40000
836,601,621,387.596899,2.40000
837,602,603,537.634409,2.40000
838,603,604,182.149362,2.30000
839,604,1264,120.336943,2.19000
840,605,621,476.190476,2.40000
841,606,610,961.538462,2.40000
842,608,609,641.025641,2.40000
843,609,612,740.740741,2.50000
844,1748,609,52.770449,2.40000
845,610,611,952.380952,2.40000
846,611,612,1041.666667,2.61000
847,613,614,1388.888889,2.40000
848,613,615,301.204819,2.19000
849,615,616,1282.051282,2.40000
850,616,618,1282.051282,2.40000
851,617,620,862.068966,2.40000
852,618,619,769.230769,2.40000
853,619,620,458.715596,2.40000
854,1748,621,42.247571,2.40000
855,622,623,819.672131,2.40000
856,622,624,346.020761,2.40000
857,622,1261,142.857143,2.19000
858,624,625,1041.666667,2.40000
859,624,631,300.300300,2.19000
860,625,626,900.900901,2.40000
861,626,627,662.251656,2.40000
862,627,628,735.294118,2.40000
863,628,637,862.068966,2.40000
864,629,630,434.782609,2.40000
865,629,1203,263.157895,2.40000
866,630,631,709.219858,2.40000
867,632,633,757.575758,2.40000
868,632,634,854.700855,2.40000
869,633,638,602.409639,2.40000
870,634,635,709.219858,2.40000
871,634,1217,294.985251,2.40000
872,635,636,1515.151515,2.40000
873,636,1069,1075.268817,2.40000
874,637,638,793.650794,2.40000
875,638,1196,67.980965,2.40000
876,640,1381,9.874593,6.50000
877,641,680,31.446541,2.40000
878,642,1749,14.341030,2.40000
879,643,644,27.188690,2.40000
880,643,993,25.303644,2.40000
881,648,649,348.432056,2.40000
882,649,650,431.034483,2.40000
883,650,658,106.951872,2.40000
884,651,1749,89.847260,2.40000
885,652,653,300.300300,2.40000
886,652,656,421.940928,2.40000
887,653,654,694.444444,2.40000
888,654,655,641.025641,2.40000
889,655,1749,41.034058,2.19000
890,656,662,201.612903,2.40000
891,657,659,226.244344,2.40000
892,658,679,165.837479,2.40000
893,658,1749,50.200803,2.19000
894,659,660,115.606936,2.40000
895,660,683,214.132762,2.40000
896,661,663,146.842878,2.40000
897,661,683,234.741784,2.40000
898,662,665,79.936051,2.40000
899,663,665,138.312586,2.40000
900,664,665,222.717149,2.40000
901,664,668,151.975684,2.40000
902,665,666,133.689840,2.40000
903,666,669,89.525515,2.40000
904,666,670,195.312500,2.40000
905,667,668,90.334237,2.40000
906,671,672,105.932203,2.40000
907,672,673,186.219739,2.40000
908,673,674,151.285930,2.40000
909,675,681,82.781457,2.40000
910,675,1749,106.609808,2.40000
911,1047,676,31.068444,13.06000
912,676,1669,42.053913,7.92000
913,1749,677,80.906149,2.40000
914,678,679,100.502513,2.40000
915,678,680,42.808219,2.19000
916,678,681,47.147572,2.40000
917,680,681,78.678206,2.40000
918,680,682,79.872204,3.25000
919,682,1034,21.399529,2.40000
920,1749,682,21.340162,2.40000
921,684,1400,20.366599,2.40000
922,685,686,41.017227,2.05000
923,686,1403,27.917365,2.40000
924,687,688,276.243094,2.40000
925,687,691,120.627262,2.19000
926,687,693,118.623962,2.30000
927,688,689,304.878049,2.40000
928,689,691,240.963855,2.40000
929,690,691,293.255132,2.40000
930,690,1293,233.644860,2.40000
931,691,692,295.857988,2.40000
932,691,694,166.944908,2.40000
933,692,700,75.528701,2.19000
934,695,696,192.678227,2.40000
935,696,698,194.552529,2.40000
936,697,698,294.985251,2.40000
937,698,703,146.198830,2.40000
938,699,705,438.596491,2.40000
939,700,701,277.008310,2.40000
940,700,702,128.865979,2.40000
941,701,706,346.020761,2.40000
942,1726,702,93.457944,2.40000
943,703,704,295.857988,2.40000
944,1726,704,178.890877,2.40000
945,705,706,357.142857,2.40000
946,707,708,675.675676,2.40000
947,707,1207,632.911392,2.40000
948,708,709,369.003690,2.40000
949,709,710,416.666667,2.40000
950,710,711,602.409639,2.40000
951,711,715,149.253731,2.40000
952,712,713,469.483568,2.40000
953,712,716,180.505415,2.40000
954,713,714,386.100386,2.40000
955,715,1750,68.870523,2.40000
956,716,717,348.432056,2.40000
957,717,718,558.659218,2.40000
958,718,719,769.230769,2.40000
959,718,1750,116.959064,2.40000
960,719,720,483.091787,2.40000
961,721,743,90.991811,3.66000
962,721,1254,73.443008,7.94000
963,1725,721,1516.875237,7.31000
964,723,724,305.810398,2.40000
965,723,728,531.914894,2.40000
966,725,727,285.714286,2.05000
967,1750,725,167.224080,2.19000
968,726,727,568.181818,2.05000
969,726,756,223.713647,2.40000
970,728,729,395.256917,2.40000
971,729,730,306.748466,2.40000
972,1715,730,68.306011,2.40000
973,1715,731,72.254335,2.40000
974,732,734,206.185567,2.40000
975,732,738,336.700337,2.40000
976,733,734,378.787879,2.40000
977,733,737,235.849057,2.40000
978,734,1163,76.569678,2.19000
979,734,1220,206.185567,2.40000
980,735,736,223.713647,2.40000
981,735,1239,91.074681,2.40000
982,1710,735,47.892720,2.40000
983,1710,737,81.300813,2.40000
984,738,739,272.479564,2.40000
985,739,741,257.069409,2.40000
986,741,742,392.156863,2.40000
987,1710,742,242.130751,2.84000
988,745,746,164.203612,2.40000
989,745,1283,235.849057,2.40000
990,746,747,169.491525,2.40000
991,1710,747,116.414435,2.40000
992,748,752,54.347826,2.40000
993,748,1593,26.371308,2.19000
994,750,751,127.713921,2.40000
995,750,752,89.928058,2.40000
996,751,752,52.882073,2.40000
997,751,768,222.717149,2.40000
998,1750,751,49.261084,2.19000
999,752,753,124.533001,2.19000
1000,1708,752,22.956841,2.84000
1001,753,1420,116.822430,2.19000
1002,754,755,208.333333,2.19000
1003,754,1431,150.602410,2.19000
1004,755,761,191.570881,2.05000
1005,756,757,184.162063,2.40000
1006,1715,757,284.090909,2.40000
1007,758,759,184.501845,2.40000
1008,759,760,438.596491,2.40000
1009,760,762,317.460317,2.40000
1010,761,762,227.272727,2.40000
1011,761,1786,119.904077,2.40000
1012,763,764,292.397661,2.05000
1013,1715,763,714.285714,2.30000
1014,764,765,176.366843,2.40000
1015,764,766,154.798762,2.40000
1016,764,1433,80.906149,2.30000
1017,1715,764,198.019802,2.19000
1018,765,1786,113.895216,2.40000
1019,767,1445,354.609929,2.40000
1020,769,772,327.868852,2.40000
1021,770,771,952.380952,2.40000
1022,771,772,342.465753,2.40000
1023,771,773,476.190476,2.40000
1024,772,775,1190.476190,2.40000
1025,774,781,462.962963,2.40000
1026,775,776,1562.500000,2.40000
1027,776,777,2000.000000,2.40000
1028,777,778,1639.344262,2.40000
1029,778,779,1176.470588,2.40000
1030,780,781,578.034682,2.40000
1031,780,796,775.193798,2.40000
1032,782,784,961.538462,2.40000
1033,783,789,1111.111111,2.05000
1034,784,792,1000.000000,2.40000
1035,785,786,1219.512195,2.40000
1036,785,1751,729.927007,2.40000
1037,786,790,869.565217,2.40000
1038,787,793,1149.425287,2.40000
1039,788,790,1219.512195,2.40000
1040,788,793,877.192982,2.40000
1041,788,1751,302.114804,2.19000
1042,789,791,826.446281,2.05000
1043,791,1753,403.225806,2.05000
1044,792,794,934.579439,2.40000
1045,794,797,970.873786,2.40000
1046,795,1752,2110.550643,4.91000
1047,795,1752,2110.550643,4.91000
1048,795,1803,50.010002,4.91000
1049,795,1803,50.010002,4.91000
1050,796,799,564.971751,2.40000
1051,797,1753,1075.268817,2.40000
1052,798,801,4881.859012,10.97000
1053,798,801,4881.859012,10.97000
1054,798,1673,434.008941,19.21000
1055,799,800,497.512438,2.40000
1056,800,803,1204.819277,2.40000
1057,801,806,4952.947003,10.97000
1058,801,806,4952.947003,10.97000
1059,802,807,1111.111111,2.40000
1060,802,809,952.380952,2.40000
1061,803,804,1234.567901,2.40000
1062,803,805,621.118012,2.40000
1063,804,805,1298.701299,2.61000
1064,1754,804,429.184549,4.76000
1065,805,808,1219.512195,2.40000
1066,805,1755,283.286119,2.40000
1067,1755,807,369.003690,2.30000
1068,808,812,1204.819277,2.40000
1069,809,810,1041.666667,2.38000
1070,809,811,1086.956522,2.40000
1071,1717,810,363.636364,2.30000
1072,1755,811,313.479624,2.30000
1073,812,813,1190.476190,2.40000
1074,1755,813,588.235294,2.40000
1075,814,817,990.099010,2.40000
1076,815,817,970.873786,2.40000
1077,1717,815,355.871886,2.86000
1078,816,1683,125.313283,2.84000
1079,1755,816,909.090909,2.30000
1080,817,819,877.192982,2.40000
1081,818,1757,925.925926,2.40000
1082,819,1758,917.431193,2.40000
1083,821,1682,188.320371,7.31000
1084,1756,821,2329.210631,4.73000
1085,822,823,1162.790698,2.40000
1086,1758,822,1010.101010,2.40000
1087,824,830,598.802395,2.40000
1088,824,847,69.881202,2.40000
1089,825,1088,337.837838,2.40000
1090,1757,825,787.401575,2.40000
1091,1758,825,534.759358,2.40000
1092,826,827,1333.333333,2.40000
1093,826,829,1250.000000,2.40000
1094,827,833,990.099010,2.40000
1095,828,831,1190.476190,2.40000
1096,829,830,1315.789474,2.40000
1097,831,832,1204.819277,2.40000
1098,832,836,1250.000000,2.40000
1099,833,834,1298.701299,2.40000
1100,834,839,1052.631579,2.40000
1101,835,837,1000.000000,2.40000
1102,836,837,537.634409,2.30000
1103,836,838,1204.819277,2.40000
1104,837,840,1063.829787,2.05000
1105,837,1684,164.744646,3.84000
1106,838,841,1136.363636,2.40000
1107,839,842,714.285714,2.40000
1108,840,845,657.894737,2.40000
1109,841,844,1204.819277,2.40000
1110,842,843,943.396226,2.40000
1111,843,848,800.000000,2.40000
1112,844,846,1234.567901,2.40000
1113,845,853,411.522634,2.40000
1114,846,849,1369.863014,2.40000
1115,847,854,847.457627,3.12000
1116,847,854,847.457627,3.12000
1117,847,889,278.551532,3.22000
1118,847,889,278.551532,3.22000
1119,848,854,980.392157,2.40000
1120,848,854,980.392157,2.40000
1121,849,855,662.251656,2.40000
1122,850,851,1282.051282,2.40000
1123,850,854,1020.408163,2.40000
1124,851,852,970.873786,2.40000
1125,851,856,1123.595506,2.40000
1126,851,891,310.559006,2.40000
1127,852,873,900.900901,2.40000
1128,853,857,1190.476190,2.40000
1129,854,860,1098.901099,2.40000
1130,1740,854,277.008310,2.40000
1131,855,859,892.857143,2.40000
1132,855,873,429.184549,2.40000
1133,856,874,854.700855,2.40000
1134,857,865,340.136054,2.40000
1135,858,860,724.637681,2.40000
1136,1740,858,512.820513,2.40000
1137,859,862,970.873786,2.40000
1138,861,863,1041.666667,2.40000
1139,861,891,719.424460,2.40000
1140,862,873,1041.666667,2.40000
1141,863,876,500.000000,2.40000
1142,864,866,746.268657,2.40000
1143,865,867,1470.588235,2.40000
1144,865,896,632.911392,2.40000
1145,866,869,636.942675,2.40000
1146,867,868,925.925926,2.40000
1147,868,871,1000.000000,2.40000
1148,869,875,840.336134,2.40000
1149,869,882,230.946882,2.05000
1150,870,880,840.336134,2.40000
1151,1740,870,255.102041,2.40000
1152,870,1760,122.399021,2.40000
1153,871,872,1315.789474,2.40000
1154,872,880,934.579439,2.40000
1155,873,874,1176.470588,2.40000
1156,875,878,1250.000000,2.05000
1157,876,896,970.873786,2.40000
1158,877,878,1666.666667,2.05000
1159,877,879,1388.888889,2.38000
1160,879,881,1369.863014,2.50000
1161,879,1675,136.239782,3.99000
1162,881,885,1333.333333,2.38000
1163,882,884,1219.512195,2.40000
1164,883,884,609.756098,2.40000
1165,883,886,952.380952,2.40000
1166,885,887,1010.101010,2.30000
1167,886,888,1020.408163,2.40000
1168,887,890,1333.333333,2.30000
1169,888,892,806.451613,2.40000
1170,1714,889,645.161290,3.33000
1171,1714,889,645.161290,3.33000
1172,890,892,724.637681,2.40000
1173,890,893,854.700855,2.40000
1174,1740,891,531.914894,2.40000
1175,892,1760,869.565217,2.40000
1176,893,1760,561.797753,2.40000
1177,894,1556,167.799312,7.36000
1178,895,897,862.068966,2.40000
1179,1760,895,1219.512195,2.40000
1180,1759,898,546.956189,4.35000
1181,899,900,1111.111111,2.40000
1182,1761,899,370.370370,2.40000
1183,900,901,980.392157,2.40000
1184,901,902,1449.275362,2.38000
1185,1761,901,221.238938,2.40000
1186,902,903,558.659218,2.30000
1187,1735,907,57.636888,2.40000
1188,1731,908,60.313631,2.40000
1189,1731,909,159.744409,2.40000
1190,1731,910,217.391304,2.40000
1191,911,912,147.710487,2.40000
1192,911,913,47.528517,2.40000
1193,1700,913,30.778701,2.40000
1194,1700,914,12.712942,2.40000
1195,1735,914,19.642506,2.19000
1196,915,918,478.468900,3.81000
1197,915,919,632.911392,3.81000
1198,916,922,280.898876,2.84000
1199,916,945,215.517241,2.19000
1200,917,919,917.431193,3.81000
1201,917,945,442.477876,3.81000
1202,918,920,416.666667,3.84000
1203,920,940,512.820513,2.93000
1204,920,1762,189.393939,6.14000
1205,921,922,400.000000,2.84000
1206,921,923,613.496933,2.84000
1207,923,940,719.424460,2.84000
1208,924,945,203.252033,2.50000
1209,925,1762,219.780220,2.40000
1210,926,928,111.358575,2.40000
1211,926,939,215.053763,2.40000
1212,927,939,179.533214,2.40000
1213,927,946,145.772595,2.40000
1214,928,932,100.401606,2.40000
1215,929,994,41.946309,9.60000
1216,930,931,143.472023,2.40000
1217,930,931,143.472023,2.40000
1218,1762,930,230.414747,2.40000
1219,1762,930,230.414747,2.40000
1220,931,938,89.285714,2.40000
1221,931,938,89.285714,2.40000
1222,932,933,66.093853,2.40000
1223,933,934,30.404378,2.05000
1224,935,936,41.597338,2.40000
1225,935,944,30.330604,2.40000
1226,936,937,45.004500,2.40000
1227,938,946,44.365572,2.86000
1228,938,946,44.365572,2.86000
1229,941,943,26.021337,2.40000
1230,941,1038,24.588149,2.40000
1231,942,944,73.421439,2.19000
1232,942,991,12.365525,2.84000
1233,1762,942,16.369291,2.61000
1234,1762,945,87.183958,5.67000
1235,947,948,398.406375,2.40000
1236,947,986,153.846154,2.40000
1237,947,987,411.522634,2.40000
1238,948,950,520.833333,2.40000
1239,949,952,271.002710,2.40000
1240,949,1763,150.150150,2.40000
1241,950,951,781.250000,2.40000
1242,951,954,925.925926,2.40000
1243,952,957,264.550265,2.40000
1244,953,1763,109.529025,2.40000
1245,954,956,625.000000,2.40000
1246,955,961,130.890052,2.40000
1247,955,985,238.663484,2.19000
1248,956,959,389.105058,2.40000
1249,957,960,289.017341,2.40000
1250,958,959,364.963504,2.40000
1251,958,962,178.253119,2.40000
1252,958,1763,51.046452,2.40000
1253,960,963,318.471338,2.40000
1254,961,965,490.196078,2.40000
1255,962,968,242.718447,2.40000
1256,963,964,505.050505,2.40000
1257,965,966,552.486188,2.40000
1258,966,968,344.827586,2.40000
1259,967,968,292.397661,2.40000
1260,967,999,156.494523,2.40000
1261,969,970,219.298246,2.40000
1262,969,972,220.750552,2.40000
1263,970,986,68.540096,2.40000
1264,971,973,145.348837,2.30000
1265,971,974,83.125520,2.05000
1266,972,973,217.864924,2.40000
1267,974,1040,49.140049,2.19000
1268,975,977,94.517958,2.40000
1269,975,1041,20.815987,2.40000
1270,976,977,66.357001,2.30000
1271,976,1043,34.293553,2.30000
1272,977,978,176.991150,2.38000
1273,977,980,66.312997,2.40000
1274,978,979,89.928058,2.38000
1275,979,982,68.306011,2.05000
1276,980,981,45.766590,2.40000
1277,981,1000,48.685492,2.40000
1278,983,984,406.504065,2.38000
1279,984,985,231.481481,2.19000
1280,987,1763,132.100396,2.40000
1281,988,994,372.342406,10.46000
1282,1763,989,139.275766,3.07000
1283,989,1765,108.813928,2.61000
1284,990,993,57.736721,2.40000
1285,991,992,149.925037,2.40000
1286,991,995,161.812298,2.30000
1287,1763,991,39.984006,2.19000
1288,992,993,198.807157,2.40000
1289,993,996,43.421624,2.40000
1290,1765,995,134.589502,2.30000
1291,996,1002,34.758429,2.40000
1292,997,998,56.947608,2.40000
1293,998,999,167.504188,2.40000
1294,1000,1001,44.404973,2.40000
1295,1003,1004,69.881202,2.40000
1296,1003,1005,40.749796,2.40000
1297,1003,1525,43.554007,2.05000
1298,1005,1530,53.050398,2.40000
1299,1006,1410,38.565368,2.40000
1300,1007,1008,342.465753,2.40000
1301,1007,1011,295.857988,2.40000
1302,1007,1014,92.592593,2.40000
1303,1008,1009,409.836066,2.40000
1304,1009,1010,666.666667,2.40000
1305,1010,1022,234.741784,2.40000
1306,1011,1021,138.312586,2.40000
1307,1012,1032,187.969925,2.40000
1308,1736,1012,436.681223,2.40000
1309,1013,1018,52.938062,2.40000
1310,1705,1014,73.529412,2.40000
1311,1728,1014,92.250923,2.40000
1312,1015,1016,38.372985,2.50000
1313,1015,1021,27.932961,2.19000
1314,1016,1488,33.500838,2.40000
1315,1017,1032,110.619469,2.40000
1316,1017,1489,30.111412,2.40000
1317,1018,1019,74.404762,2.40000
1318,1019,1494,31.250000,2.40000
1319,1020,1028,128.842735,7.36000
1320,1022,1023,202.020202,2.40000
1321,1023,1024,131.578947,2.40000
1322,1728,1023,30.902349,2.40000
1323,1024,1025,121.212121,2.40000
1324,1025,1026,58.962264,2.40000
1325,1696,1026,34.602076,2.05000
1326,1696,1026,34.602076,2.05000
1327,1027,1058,59.952038,2.40000
1328,1027,1059,95.969290,2.40000
1329,1028,1341,187.343100,7.36000
1330,1766,1029,47.258979,2.40000
1331,1030,1031,45.228403,2.40000
1332,1766,1030,30.147724,2.40000
1333,1031,1363,44.722719,2.40000
1334,1033,1034,28.200790,2.40000
1335,1034,1414,6.337939,2.22000
1336,1035,1036,35.063114,2.40000
1337,1036,1037,26.102845,2.40000
1338,1036,1039,30.571691,2.05000
1339,1699,1036,31.181790,5.01000
1340,1038,1039,24.473813,2.40000
1341,1040,1041,36.630037,2.61000
1342,1721,1041,26.860059,3.84000
1343,1042,1043,118.063754,2.38000
1344,1042,1046,41.876047,3.07000
1345,1044,1767,43.233895,3.17000
1346,1045,1048,302.206105,7.94000
1347,1046,1049,92.250923,2.19000
1348,1767,1046,64.599483,2.19000
1349,1047,1051,981.065437,7.36000
1350,1697,1048,1166.180758,7.31000
1351,1701,1048,83.132430,3.66000
1352,1049,1050,261.096606,2.40000
1353,1768,1049,176.991150,2.40000
1354,1050,1769,194.174757,2.40000
1355,1052,1053,30.432136,2.40000
1356,1052,1054,33.829499,2.40000
1357,1054,1404,24.154589,2.40000
1358,1055,1066,62.344140,2.40000
1359,1056,1062,40.633889,2.40000
1360,1057,1058,89.766607,2.40000
1361,1057,1061,51.652893,2.40000
1362,1059,1661,84.602369,2.40000
1363,1060,1061,68.728522,2.40000
1364,1060,1662,66.577896,2.40000
1365,1062,1064,126.422250,2.40000
1366,1063,1064,69.492703,2.40000
1367,1065,1067,72.939460,2.40000
1368,1065,1665,69.686411,2.40000
1369,1066,1067,92.421442,2.40000
1370,1068,1070,649.350649,2.50000
1371,1068,1117,319.488818,2.40000
1372,1069,1072,657.894737,2.40000
1373,1070,1073,735.294118,2.61000
1374,1071,1072,1041.666667,2.40000
1375,1072,1218,232.558140,2.40000
1376,1717,1074,892.857143,2.61000
1377,1075,1076,625.000000,2.40000
1378,1075,1077,1020.408163,2.50000
1379,1075,1078,735.294118,2.19000
1380,1717,1075,316.455696,2.61000
1381,1076,1087,757.575758,2.40000
1382,1077,1078,1098.901099,2.38000
1383,1077,1116,900.900901,3.84000
1384,1078,1079,1176.470588,2.40000
1385,1078,1773,353.356890,2.30000
1386,1079,1080,1428.571429,2.40000
1387,1080,1082,1149.425287,2.40000
1388,1081,1089,497.512438,2.05000
1389,1081,1261,337.837838,2.40000
1390,1082,1083,862.068966,2.40000
1391,1083,1104,1000.000000,2.40000
1392,1084,1085,1428.571429,2.40000
1393,1084,1091,584.795322,2.40000
1394,1085,1086,1282.051282,2.40000
1395,1086,1087,1190.476190,2.40000
1396,1088,1090,1449.275362,2.40000
1397,1089,1259,609.756098,2.40000
1398,1090,1092,709.219858,2.40000
1399,1091,1092,813.008130,2.40000
1400,1091,1093,1369.863014,2.40000
1401,1698,1091,621.118012,2.19000
1402,1091,1770,699.300699,2.05000
1403,1093,1770,1149.425287,2.40000
1404,1094,1257,574.712644,2.05000
1405,1094,1259,414.937759,2.40000
1406,1095,1099,1331.557923,7.31000
1407,1095,1099,1331.557923,7.31000
1408,1095,1674,132.278632,9.46000
1409,1095,1674,132.275132,9.46000
1410,1095,1674,132.275132,9.46000
1411,1713,1095,1550.940646,3.66000
1412,1719,1095,971.439674,3.66000
1413,1722,1095,1037.538130,5.41000
1414,1718,1096,862.068966,3.84000
1415,1720,1096,617.283951,2.19000
1416,1723,1096,1086.956522,3.07000
1417,1097,1101,689.655172,2.40000
1418,1698,1097,2325.581395,2.84000
1419,1718,1097,314.465409,2.40000
1420,1098,1104,900.900901,2.40000
1421,1698,1098,1265.822785,2.40000
1422,1099,1109,1628.664495,8.80000
1423,1099,1109,1628.664495,8.80000
1424,1100,1101,1408.450704,2.30000
1425,1100,1106,1492.537313,2.30000
1426,1101,1105,934.579439,2.84000
1427,1102,1108,393.700787,2.40000
1428,1103,1105,675.675676,2.40000
1429,1103,1153,558.659218,3.47000
1430,1698,1103,404.858300,2.30000
1431,1718,1103,531.914894,2.61000
1432,1105,1153,1204.819277,3.81000
1433,1106,1107,1538.461538,2.38000
1434,1107,1110,1298.701299,2.30000
1435,1108,1122,416.666667,2.40000
1436,1109,1111,2930.402930,7.98000
1437,1109,1111,2932.551320,7.98000
1438,1110,1772,1282.051282,2.30000
1439,1111,1114,2015.438257,7.31000
1440,1752,1111,235.045246,9.46000
1441,1756,1111,323.792255,4.91000
1442,1112,1113,1086.956522,2.40000
1443,1771,1112,684.931507,2.40000
1444,1772,1113,1315.789474,2.61000
1445,1113,1773,952.380952,2.93000
1446,1114,1135,1703.490452,5.12000
1447,1115,1133,724.637681,2.40000
1448,1115,1134,961.538462,2.40000
1449,1115,1774,671.140940,2.40000
1450,1116,1117,552.486188,2.40000
1451,1116,1141,129.366106,2.50000
1452,1717,1116,210.084034,3.07000
1453,1116,1774,273.224044,2.19000
1454,1117,1120,719.424460,2.40000
1455,1118,1119,1960.784314,2.40000
1456,1118,1120,892.857143,2.40000
1457,1119,1128,943.396226,2.40000
1458,1121,1128,259.740260,2.40000
1459,1122,1775,84.317032,2.40000
1460,1123,1125,680.272109,2.40000
1461,1123,1248,540.540541,2.19000
1462,1124,1128,227.790433,2.40000
1463,1124,1195,454.545455,2.40000
1464,1124,1196,478.468900,3.84000
1465,1748,1124,348.432056,3.47000
1466,1125,1250,641.025641,2.40000
1467,1126,1127,847.457627,2.38000
1468,1126,1251,471.698113,2.30000
1469,1127,1129,806.451613,2.30000
1470,1128,1134,689.655172,2.40000
1471,1129,1179,178.253119,2.30000
1472,1130,1131,1052.631579,2.50000
1473,1130,1192,653.594771,2.50000
1474,1131,1132,1030.927835,2.61000
1475,1132,1133,833.333333,2.38000
1476,1133,1774,609.756098,2.19000
1477,1136,1137,2702.702703,3.81000
1478,1774,1136,2173.913043,3.84000
1479,1137,1138,2000.000000,3.81000
1480,1138,1139,1219.512195,2.19000
1481,1138,1148,636.942675,2.40000
1482,1138,1185,416.666667,2.40000
1483,1139,1140,1204.819277,2.40000
1484,1140,1185,1075.268817,2.40000
1485,1141,1180,168.918919,2.38000
1486,1142,1146,740.740741,2.50000
1487,1142,1184,769.230769,2.40000
1488,1143,1147,390.625000,3.07000
1489,1143,1181,793.650794,2.84000
1490,1144,1145,961.538462,2.40000
1491,1145,1147,675.675676,2.40000
1492,1146,1151,492.610837,2.84000
1493,1147,1150,495.049505,3.81000
1494,1148,1150,378.787879,2.05000
1495,1149,1157,448.430493,2.40000
1496,1698,1150,280.112045,4.37000
1497,1151,1153,323.624595,2.38000
1498,1152,1153,529.100529,2.50000
1499,1152,1155,584.795322,2.38000
1500,1154,1160,478.468900,2.40000
1501,1154,1229,709.219858,2.40000
1502,1155,1159,526.315789,2.30000
1503,1156,1158,355.871886,2.40000
1504,1718,1156,182.481752,2.30000
1505,1157,1163,274.725275,2.40000
1506,1158,1161,657.894737,2.40000
1507,1159,1162,636.942675,2.38000
1508,1160,1163,476.190476,2.40000
1509,1161,1164,666.666667,2.40000
1510,1162,1168,909.090909,2.30000
1511,1163,1179,153.609831,2.84000
1512,1164,1165,1162.790698,2.40000
1513,1165,1166,689.655172,2.40000
1514,1166,1169,925.925926,2.05000
1515,1167,1168,877.192982,2.30000
1516,1167,1172,1515.151515,2.05000
1517,1169,1171,751.879699,2.40000
1518,1170,1258,409.836066,3.47000
1519,1170,1260,471.698113,2.50000
1520,1718,1170,115.473441,5.67000
1521,1171,1174,757.575758,2.40000
1522,1172,1173,574.712644,2.40000
1523,1173,1178,869.565217,2.40000
1524,1174,1175,990.099010,2.40000
1525,1175,1177,1449.275362,2.40000
1526,1176,1177,769.230769,2.40000
1527,1176,1245,1176.470588,2.40000
1528,1178,1180,980.392157,2.40000
1529,1179,1775,72.568940,2.84000
1530,1180,1240,892.857143,3.81000
1531,1181,1182,546.448087,2.84000
1532,1182,1230,649.350649,2.84000
1533,1183,1186,800.000000,2.19000
1534,1183,1190,800.000000,2.40000
1535,1184,1186,1492.537313,2.05000
1536,1185,1187,840.336134,2.93000
1537,1187,1188,377.358491,2.40000
1538,1187,1189,595.238095,2.40000
1539,1188,1226,666.666667,2.40000
1540,1190,1227,478.468900,2.30000
1541,1191,1192,900.900901,2.40000
1542,1191,1193,1315.789474,2.40000
1543,1193,1194,909.090909,2.40000
1544,1194,1195,645.161290,2.40000
1545,1194,1209,1030.927835,2.19000
1546,1196,1208,531.914894,2.40000
1547,1197,1198,1250.000000,3.47000
1548,1197,1206,1098.901099,2.38000
1549,1198,1199,2127.659574,3.25000
1550,1199,1201,1111.111111,3.17000
1551,1200,1201,1123.595506,2.30000
1552,1200,1202,735.294118,2.40000
1553,1200,1213,354.609929,2.40000
1554,1202,1203,694.444444,2.40000
1555,1204,1205,595.238095,2.40000
1556,1204,1207,581.395349,2.40000
1557,1206,1208,653.594771,2.38000
1558,1208,1210,892.857143,2.84000
1559,1209,1210,1818.181818,2.19000
1560,1210,1211,1204.819277,2.40000
1561,1211,1212,666.666667,2.40000
1562,1212,1226,757.575758,2.40000
1563,1213,1214,456.621005,2.40000
1564,1213,1215,286.532951,2.40000
1565,1213,1216,555.555556,2.40000
1566,1214,1221,826.446281,2.40000
1567,1215,1222,632.911392,2.40000
1568,1216,1217,1041.666667,2.40000
1569,1218,1219,444.444444,2.40000
1570,1219,1241,909.090909,2.40000
1571,1220,1229,371.747212,2.40000
1572,1221,1223,1587.301587,2.40000
1573,1222,1228,775.193798,2.40000
1574,1223,1224,1754.385965,2.40000
1575,1224,1225,704.225352,2.40000
1576,1225,1227,1111.111111,2.38000
1577,1225,1228,819.672131,2.40000
1578,1230,1231,869.565217,2.61000
1579,1231,1232,1219.512195,2.50000
1580,1232,1238,1265.822785,2.50000
1581,1233,1234,1052.631579,2.40000
1582,1233,1241,518.134715,2.40000
1583,1234,1237,1515.151515,2.40000
1584,1235,1236,781.250000,2.40000
1585,1235,1237,1639.344262,2.40000
1586,1235,1243,1123.595506,2.40000
1587,1236,1240,1030.927835,3.81000
1588,1236,1775,140.252454,3.07000
1589,1238,1242,298.507463,2.38000
1590,1239,1256,170.648464,2.40000
1591,1242,1246,574.712644,2.61000
1592,1243,1244,854.700855,2.40000
1593,1244,1245,847.457627,2.40000
1594,1246,1249,343.642612,2.19000
1595,1247,1248,1250.000000,2.40000
1596,1249,1250,540.540541,2.40000
1597,1249,1255,400.000000,2.40000
1598,1251,1289,304.878049,2.61000
1599,1252,1253,877.192982,2.40000
1600,1252,1775,512.820513,2.40000
1601,1253,1258,1123.595506,5.01000
1602,1253,1775,943.396226,3.47000
1603,1775,1255,277.777778,2.05000
1604,1256,1257,336.700337,2.05000
1605,1258,1260,361.010830,2.05000
1606,1260,1262,400.000000,2.05000
1607,1260,1287,331.125828,2.40000
1608,1262,1263,529.100529,2.19000
1609,1263,1265,558.659218,2.19000
1610,1264,1266,546.448087,2.19000
1611,1265,1273,980.392157,2.19000
1612,1266,1267,581.395349,2.19000
1613,1267,1268,775.193798,2.19000
1614,1268,1269,431.034483,2.05000
1615,1269,1271,232.558140,2.40000
1616,1270,1271,709.219858,2.40000
1617,1270,1274,480.769231,2.40000
1618,1272,1273,432.900433,2.40000
1619,1274,1275,649.350649,2.40000
1620,1275,1277,440.528634,2.40000
1621,1276,1277,529.100529,2.40000
1622,1276,1281,275.482094,2.40000
1623,1277,1280,181.818182,2.40000
1624,1278,1284,251.889169,2.40000
1625,1279,1284,558.659218,2.40000
1626,1279,1285,423.728814,2.40000
1627,1280,1282,520.833333,2.40000
1628,1282,1283,574.712644,2.40000
1629,1285,1288,271.002710,2.40000
1630,1286,1292,574.712644,2.40000
1631,1286,1293,286.532951,2.40000
1632,1775,1289,256.410256,3.47000
1633,1290,1291,134.589502,2.19000
1634,1750,1290,37.622272,2.40000
1635,1291,1292,555.555556,2.40000
1636,1733,1294,1139.289539,3.66000
1637,1295,1524,10.148163,2.05000
1638,1776,1296,166.389351,2.40000
1639,1716,1297,113.122172,2.19000
1640,1300,1304,537.634409,5.01000
1641,1301,1302,813.008130,6.14000
1642,1301,1310,204.498978,6.14000
1643,1303,1304,746.268657,3.99000
1644,1303,1305,537.634409,6.50000
1645,1305,1323,387.596899,6.50000
1646,1306,1307,355.871886,2.38000
1647,1306,1319,263.852243,2.50000
1648,1308,1309,641.025641,3.81000
1649,1309,1312,909.090909,3.81000
1650,1310,1315,460.829493,6.50000
1651,1310,1324,103.734440,3.84000
1652,1310,1806,279.329609,6.50000
1653,1311,1315,416.666667,2.50000
1654,1311,1319,253.164557,2.84000
1655,1312,1313,840.336134,3.81000
1656,1313,1314,751.879699,3.81000
1657,1314,1316,526.315789,2.84000
1658,1314,1335,87.565674,2.38000
1659,1315,1327,653.594771,6.50000
1660,1316,1318,173.010381,2.19000
1661,1317,1318,303.030303,2.40000
1662,1318,1324,92.678406,4.18000
1663,1318,1334,96.061479,2.40000
1664,1318,1335,150.375940,2.84000
1665,1318,1686,17.479462,3.84000
1666,1319,1320,469.483568,3.99000
1667,1320,1325,440.528634,4.76000
1668,1321,1330,122.249389,2.40000
1669,1322,1323,476.190476,6.50000
1670,1322,1324,869.565217,6.50000
1671,1324,1325,429.184549,6.50000
1672,1325,1326,729.927007,5.67000
1673,1325,1777,160.771704,6.50000
1674,1326,1334,452.488688,5.67000
1675,1327,1328,787.401575,3.99000
1676,1327,1777,104.821803,6.50000
1677,1328,1333,735.294118,4.18000
1678,1709,1329,60.679612,2.19000
1679,1709,1330,191.570881,2.40000
1680,1331,1332,704.225352,4.18000
1681,1331,1339,568.181818,3.88000
1682,1332,1333,621.118012,4.18000
1683,1334,1337,258.397933,3.99000
1684,1334,1338,221.238938,2.19000
1685,1709,1335,180.180180,6.14000
1686,1336,1802,1522.116351,16.24000
1687,1777,1337,280.112045,3.84000
1688,1338,1339,392.156863,3.88000
1689,1777,1338,273.972603,6.14000
1690,1777,1340,150.829563,2.40000
1691,1341,1342,484.284953,7.36000
1692,1343,1356,82.987552,2.40000
1693,1778,1343,50.276521,2.40000
1694,1344,1345,139.860140,2.40000
1695,1344,1348,67.476383,2.19000
1696,1703,1344,404.858300,4.37000
1697,1345,1347,144.300144,2.40000
1698,1346,1355,187.617261,2.40000
1699,1703,1346,58.072009,2.40000
1700,1347,1348,207.468880,2.40000
1701,1348,1350,135.685210,3.07000
1702,1349,1350,190.114068,2.40000
1703,1349,1782,187.969925,2.40000
1704,1350,1633,54.945055,2.38000
1705,1351,1371,1137.074308,10.46000
1706,1352,1355,131.752306,2.40000
1707,1780,1352,152.207002,2.40000
1708,1353,1354,202.020202,2.40000
1709,1353,1358,151.975684,2.40000
1710,1703,1353,33.749578,2.40000
1711,1356,1357,151.057402,2.40000
1712,1356,1360,74.682599,2.50000
1713,1357,1359,209.643606,2.40000
1714,1358,1359,234.192037,2.40000
1715,1360,1363,100.908174,2.40000
1716,1361,1362,124.378109,2.40000
1717,1362,1364,112.107623,2.40000
1718,1365,1366,277.008310,2.40000
1719,1366,1367,170.940171,2.38000
1720,1366,1680,43.346337,2.30000
1721,1367,1368,254.452926,2.19000
1722,1368,1369,208.768267,2.40000
1723,1368,1374,129.198966,2.19000
1724,1368,1619,32.637076,2.50000
1725,1703,1368,21.901007,2.40000
1726,1780,1369,91.743119,2.40000
1727,1369,1781,177.935943,2.40000
1728,1370,1372,958.221541,11.95000
1729,1370,1373,901.225667,12.00000
1730,1371,1372,1936.895931,10.00000
1731,1373,1375,1098.659635,12.00000
1732,1374,1783,147.928994,2.40000
1733,1375,1615,460.405157,12.00000
1734,1729,1376,76.923077,2.86000
1735,1378,1379,12.725884,2.40000
1736,1737,1380,13.152703,1.80000
1737,1738,1380,26.143791,1.80000
1738,1383,1384,19.338619,1.80000
1739,1386,1387,96.432015,2.40000
1740,1387,1391,95.328885,2.40000
1741,1388,1389,555.555556,2.40000
1742,1388,1391,166.944908,2.40000
1743,1389,1390,131.752306,2.40000
1744,1390,1392,53.022269,2.40000
1745,1390,1393,28.985507,2.40000
1746,1393,1394,74.460164,2.30000
1747,1394,1395,90.171326,2.40000
1748,1394,1784,31.525851,2.19000
1749,1396,1398,260.416667,2.40000
1750,1396,1784,111.607143,2.40000
1751,1397,1398,311.526480,2.40000
1752,1397,1400,42.735043,2.40000
1753,1397,1784,68.634180,2.40000
1754,1400,1403,9.312721,2.05000
1755,1784,1400,29.403117,2.40000
1756,1784,1401,99.108028,2.40000
1757,1402,1403,39.308176,2.40000
1758,1712,1402,13.817880,2.40000
1759,1405,1406,27.085590,2.40000
1760,1406,1407,40.404040,2.40000
1761,1408,1410,56.818182,2.40000
1762,1408,1536,39.541321,2.40000
1763,1409,1410,78.988942,2.40000
1764,1409,1411,50.581689,2.40000
1765,1411,1412,33.277870,2.40000
1766,1413,1418,29.489826,2.40000
1767,1413,1672,37.009623,2.40000
1768,1414,1416,10.991427,2.40000
1769,1415,1416,228.310502,2.40000
1770,1417,1418,38.925652,2.40000
1771,1420,1421,161.030596,2.19000
1772,1708,1421,45.558087,2.40000
1773,1422,1423,233.100233,2.40000
1774,1422,1785,178.890877,2.40000
1775,1423,1429,178.571429,2.40000
1776,1424,1450,119.341711,7.31000
1777,1707,1424,650.618087,10.23000
1778,1707,1424,650.618087,10.23000
1779,1425,1426,320.512821,2.50000
1780,1425,1427,434.782609,2.50000
1781,1426,1428,258.397933,2.50000
1782,1427,1429,209.643606,2.50000
1783,1428,1431,167.224080,2.19000
1784,1429,1430,106.951872,2.40000
1785,1785,1429,77.041602,2.40000
1786,1433,1434,143.884892,2.05000
1787,1433,1441,158.227848,2.40000
1788,1786,1433,88.652482,2.38000
1789,1434,1787,27.870680,2.19000
1790,1435,1436,197.238659,2.40000
1791,1435,1438,581.395349,2.40000
1792,1786,1435,73.099415,2.30000
1793,1436,1437,191.938580,2.19000
1794,1437,1439,204.498978,2.40000
1795,1438,1453,50.428643,2.19000
1796,1439,1440,203.665988,2.40000
1797,1441,1442,253.807107,2.19000
1798,1442,1443,289.855072,2.40000
1799,1442,1444,350.877193,2.40000
1800,1443,1446,406.504065,2.40000
1801,1445,1446,247.524752,2.40000
1802,1447,1448,240.384615,2.40000
1803,1447,1451,129.701686,2.40000
1804,1448,1469,143.266476,2.40000
1805,1449,1787,141.442716,2.40000
1806,1811,1449,105.596621,2.19000
1807,1450,1476,74.437993,3.66000
1808,1730,1451,45.682960,2.40000
1809,1787,1451,52.548607,2.40000
1810,1452,1453,369.003690,2.40000
1811,1452,1455,117.647059,2.40000
1812,1725,1454,44.511707,7.31000
1813,1455,1460,135.135135,2.40000
1814,1788,1455,201.207243,2.40000
1815,1456,1457,260.416667,2.40000
1816,1457,1458,244.498778,2.40000
1817,1458,1459,301.204819,2.40000
1818,1459,1461,276.243094,2.40000
1819,1460,1461,518.134715,2.40000
1820,1462,1463,115.606936,2.40000
1821,1465,1466,220.750552,2.40000
1822,1466,1478,140.449438,2.40000
1823,1467,1468,139.275766,2.40000
1824,1732,1467,113.636364,2.40000
1825,1469,1470,162.074554,2.40000
1826,1470,1471,149.031297,2.19000
1827,1471,1472,143.266476,2.40000
1828,1472,1473,213.219616,2.40000
1829,1472,1475,30.902349,2.40000
1830,1732,1473,369.003690,2.40000
1831,1478,1479,122.100122,2.40000
1832,1479,1480,66.225166,2.40000
1833,1480,1482,20.885547,2.40000
1834,1484,1485,105.712715,10.23000
1835,1486,1487,128.523141,9.46000
1836,1695,1487,22.626994,7.31000
1837,1488,1489,64.516129,2.40000
1838,1789,1489,32.123354,3.07000
1839,1490,1491,45.516614,2.40000
1840,1491,1492,36.192544,2.40000
1841,1492,1493,42.354934,2.40000
1842,1493,1494,47.192072,2.40000
1843,1496,1497,22.361360,2.40000
1844,1496,1501,27.019724,2.40000
1845,1498,1499,40.355125,2.40000
1846,1498,1501,37.921881,2.40000
1847,1498,1502,42.826552,2.40000
1848,1499,1503,36.218761,2.40000
1849,1502,1503,58.038305,2.40000
1850,1503,1504,50.838841,2.40000
1851,1505,1506,60.459492,2.40000
1852,1506,1507,168.067227,2.40000
1853,1507,1516,177.304965,2.40000
1854,1508,1517,30.571691,2.40000
1855,1508,1518,26.539278,2.40000
1856,1509,1510,98.231827,2.40000
1857,1509,1516,80.000000,2.40000
1858,1510,1511,99.009901,2.40000
1859,1510,1512,28.433324,2.40000
1860,1711,1510,10.622477,2.40000
1861,1513,1515,84.602369,2.40000
1862,1514,1515,57.306590,2.50000
1863,1789,1514,58.685446,2.61000
1864,1515,1517,28.719127,2.05000
1865,1519,1520,260.416667,2.19000
1866,1519,1522,183.150183,2.40000
1867,1519,1790,149.925037,2.40000
1868,1520,1790,322.580645,2.05000
1869,1522,1790,73.529412,2.40000
1870,1790,1524,39.215686,2.40000
1871,1525,1528,52.826202,2.40000
1872,1526,1527,68.681319,2.38000
1873,1526,1529,34.435262,3.07000
1874,1527,1528,45.454545,2.40000
1875,1529,1533,33.795201,3.17000
1876,1530,1531,182.149362,2.40000
1877,1531,1532,50.994391,2.05000
1878,1532,1537,38.066235,2.38000
1879,1533,1534,41.305246,3.17000
1880,1534,1535,30.835646,2.40000
1881,1534,1537,19.007793,2.05000
1882,1767,1534,18.875047,3.84000
1883,1535,1536,36.697248,2.40000
1884,1538,1540,835.282325,5.41000
1885,1538,1797,160.725192,3.66000
1886,1791,1539,609.756098,2.50000
1887,1540,1796,349.919519,7.31000
1888,1541,1542,534.759358,2.40000
1889,1791,1541,204.081633,2.50000
1890,1792,1541,613.496933,2.40000
1891,1541,1793,138.312586,2.05000
1892,1542,1544,606.060606,2.40000
1893,1792,1542,286.532951,2.40000
1894,1543,1544,636.942675,2.40000
1895,1543,1550,826.446281,2.40000
1896,1544,1548,409.836066,2.05000
1897,1544,1554,330.033003,2.40000
1898,1545,1546,353.356890,2.40000
1899,1545,1676,87.336245,2.50000
1900,1545,1795,253.164557,2.40000
1901,1546,1793,649.350649,2.40000
1902,1547,1549,1231.057109,7.36000
1903,1547,1556,2889.839325,7.36000
1904,1793,1548,421.940928,2.38000
1905,1549,1615,1271.471983,7.36000
1906,1550,1551,546.448087,2.40000
1907,1792,1551,367.647059,2.40000
1908,1791,1552,338.983051,2.40000
1909,1791,1553,581.395349,2.38000
1910,1793,1554,294.117647,2.05000
1911,1555,1563,386.100386,2.93000
1912,1795,1555,155.763240,3.17000
1913,1556,1557,4994.007191,15.36000
1914,1556,1567,316.375601,10.46000
1915,1557,1678,162.649231,18.77000
1916,1558,1560,523.560209,2.40000
1917,1558,1619,179.856115,2.40000
1918,1559,1560,255.102041,2.40000
1919,1559,1561,520.833333,3.07000
1920,1559,1619,101.522843,2.40000
1921,1795,1559,136.239782,2.19000
1922,1561,1562,361.010830,2.40000
1923,1561,1582,215.517241,2.19000
1924,1562,1578,436.681223,2.40000
1925,1563,1566,344.827586,3.07000
1926,1564,1565,666.666667,2.40000
1927,1564,1571,414.937759,2.40000
1928,1565,1566,704.225352,2.84000
1929,1565,1571,263.852243,2.40000
1930,1568,1569,826.446281,2.40000
1931,1569,1571,900.900901,2.05000
1932,1570,1573,349.650350,2.40000
1933,1570,1574,362.318841,2.40000
1934,1570,1584,221.729490,2.40000
1935,1798,1570,334.448161,2.40000
1936,1572,1573,321.543408,2.40000
1937,1572,1577,497.512438,2.40000
1938,1574,1575,454.545455,2.40000
1939,1575,1576,480.769231,2.40000
1940,1576,1579,364.963504,2.40000
1941,1577,1578,300.300300,2.40000
1942,1578,1579,442.477876,2.40000
1943,1792,1578,73.260073,2.40000
1944,1793,1578,102.459016,2.30000
1945,1798,1578,71.736011,2.40000
1946,1580,1581,341.296928,2.40000
1947,1580,1614,458.715596,2.40000
1948,1581,1582,273.972603,2.40000
1949,1582,1583,247.524752,2.40000
1950,1583,1588,236.966825,2.40000
1951,1584,1588,215.053763,2.40000
1952,1585,1586,561.797753,2.40000
1953,1585,1587,265.957447,2.40000
1954,1586,1591,171.232877,2.40000
1955,1589,1590,158.478605,2.40000
1956,1589,1612,148.588410,2.40000
1957,1590,1591,317.460317,2.40000
1958,1592,1598,184.162063,2.40000
1959,1593,1594,357.142857,2.40000
1960,1594,1595,434.782609,2.40000
1961,1595,1596,106.157113,2.05000
1962,1596,1668,230.946882,2.19000
1963,1597,1598,264.550265,2.40000
1964,1597,1611,127.551020,2.40000
1965,1599,1600,214.132762,2.30000
1966,1599,1668,220.264317,2.30000
1967,1600,1601,314.465409,2.40000
1968,1600,1603,267.379679,2.19000
1969,1601,1607,526.315789,2.40000
1970,1602,1604,662.251656,2.40000
1971,1602,1607,230.414747,2.40000
1972,1603,1639,227.272727,2.30000
1973,1604,1625,342.465753,2.40000
1974,1605,1606,418.410042,2.40000
1975,1605,1608,263.852243,2.40000
1976,1605,1623,303.030303,2.40000
1977,1605,1626,127.877238,2.40000
1978,1606,1607,598.802395,2.40000
1979,1607,1610,249.376559,2.40000
1980,1608,1609,262.467192,2.40000
1981,1609,1612,153.374233,2.40000
1982,1610,1611,179.533214,2.40000
1983,1610,1666,43.917435,2.40000
1984,1613,1620,285.714286,2.40000
1985,1613,1623,218.340611,2.40000
1986,1614,1620,183.486239,2.40000
1987,1795,1616,209.643606,2.40000
1988,1799,1616,364.963504,2.40000
1989,1617,1618,427.350427,2.05000
1990,1617,1630,165.837479,2.40000
1991,1783,1617,91.240876,2.40000
1992,1618,1619,157.480315,2.40000
1993,1620,1621,191.570881,2.40000
1994,1621,1622,206.185567,2.40000
1995,1622,1626,294.985251,2.40000
1996,1624,1625,246.913580,2.40000
1997,1624,1627,178.890877,2.40000
1998,1626,1800,278.551532,3.47000
1999,1627,1666,219.780220,2.40000
2000,1628,1630,145.348837,2.40000
2001,1628,1801,173.010381,2.40000
2002,1629,1631,290.849863,3.66000
2003,1794,1629,145.057878,6.35000
2004,1632,1633,314.465409,2.30000
2005,1782,1632,72.621641,2.61000
2006,1801,1632,694.444444,4.76000
2007,1634,1636,124.223602,2.50000
2008,1634,1646,172.413793,2.40000
2009,1634,1647,110.741971,2.40000
2010,1635,1636,168.350168,2.40000
2011,1635,1639,162.601626,2.38000
2012,1635,1666,198.019802,2.40000
2013,1636,1637,167.785235,2.40000
2014,1637,1638,199.203187,2.40000
2015,1638,1640,78.308536,3.25000
2016,1703,1638,24.166264,2.30000
2017,1640,1645,105.820106,3.07000
2018,1641,1642,70.422535,3.84000
2019,1641,1665,66.357001,2.40000
2020,1642,1667,238.663484,5.01000
2021,1643,1644,94.966762,2.61000
2022,1643,1656,21.303792,3.84000
2023,1643,1667,234.741784,5.01000
2024,1644,1645,99.403579,3.07000
2025,1646,1649,179.856115,2.40000
2026,1647,1648,157.977883,2.40000
2027,1648,1649,286.532951,2.40000
2028,1648,1650,309.597523,2.40000
2029,1648,1652,301.204819,3.07000
2030,1650,1651,297.619048,2.40000
2031,1651,1653,555.555556,2.40000
2032,1652,1654,97.656250,3.07000
2033,1653,1663,72.992701,2.40000
2034,1654,1659,65.530799,2.40000
2035,1654,1660,97.465887,2.40000
2036,1655,1660,124.069479,2.40000
2037,1696,1655,387.596899,2.84000
2038,1656,1658,222.222222,2.40000
2039,1656,1664,31.897927,2.40000
2040,1696,1656,291.545190,6.14000
2041,1696,1656,291.545190,6.14000
2042,1657,1658,224.215247,2.40000
2043,1657,1662,112.612613,2.40000
2044,1694,1659,160.513644,2.30000
2045,1703,1659,75.187970,2.40000
2046,1663,1664,96.432015,2.40000
2047,1780,1666,35.880875,2.19000
2048,1800,1666,116.686114,2.40000
2049,1671,1672,30.543677,2.40000
2050,1792,1677,58.275058,2.61000
2051,1702,1679,26.645350,3.66000
2052,1759,1682,120.305094,7.31000
2053,1777,1685,211.416490,6.50000
2054,1692,1708,16.580998,3.84000
2055,1693,1724,13.281976,2.05000
2056,1694,1696,50000.000000,6.00000
2057,1694,1698,6.833402,2.40000
2058,1694,1705,10.991427,2.40000
2059,1694,1708,11.057054,3.81000
2060,1694,1709,4.944865,2.40000
2061,1694,1710,5.207248,2.50000
2062,1694,1778,70.077085,2.40000
2063,1695,1702,151.388994,5.12000
2064,1695,1779,176.416626,4.35000
2065,1698,1770,617.283951,2.50000
2066,1699,1769,48.216008,2.40000
2067,1701,1764,27.249441,9.46000
2068,1702,1779,358.525742,3.83000
2069,1702,1794,57.491089,6.35000
2070,1704,1727,1953.621037,7.94000
2071,1706,1716,36.683786,2.38000
2072,1713,1719,2116.984567,3.66000
2073,1716,1776,444.444444,2.50000
2074,1716,1790,4.657662,1.18000
2075,1721,1768,60.350030,2.40000
2076,1723,1770,373.134328,2.40000
2077,1727,1779,28.464078,3.66000
2078,1733,1744,9.043227,4.91000
2079,1733,1744,9.043227,4.91000
2080,1733,1744,9.043227,4.91000
2081,1736,1766,80.321285,5.23000
2082,1739,1747,480.769231,3.84000
2083,1741,1742,546.448087,2.30000
2084,1744,1764,12.522227,6.35000
2085,1753,1754,666.666667,3.07000
2086,1761,1804,56.242970,4.18000
2087,1767,1768,61.614295,2.93000
2088,1772,1773,546.448087,2.19000
2089,1777,1805,109.289617,2.30000
2090,1793,1795,200.000000,2.40000
2091,1794,1796,1304.172046,6.35000
2092,10,1694,54.059898,8.00000
2093,11,1695,85.005100,8.50000
2094,12,1697,75.007501,7.50000
2095,13,1698,36.701288,10.00000
2096,14,1699,37.165050,5.50000
2097,15,1700,18.353338,2.00000
2098,16,1701,95.011876,9.50000
2099,17,1702,190.016531,19.00000
2100,18,1704,80.006401,8.00000
2101,20,1706,23.652964,3.50000
2102,21,1707,55.005501,5.50000
2103,22,1709,77.706115,11.50000
2104,23,1710,50.464271,5.50000
2105,24,1711,40.544924,6.00000
2106,25,1712,20.274106,3.00000
2107,28,1713,75.007501,7.50000
2108,1714,28,30.408076,4.50000
2109,29,1715,30.408076,4.50000
2110,30,1716,43.923222,6.50000
2111,31,1717,37.165050,5.50000
2112,32,1718,64.226076,7.00000
2113,33,1719,40.004801,4.00000
2114,1720,33,16.895317,2.50000
2115,34,1721,30.408076,4.50000
2116,36,1722,55.005501,5.50000
2117,1723,36,23.652964,3.50000
2118,50,1724,27.029949,4.00000
2119,54,1725,65.006826,6.50000
2120,55,1727,60.006001,6.00000
2121,63,1729,27.029949,4.00000
2122,64,1730,22.940515,2.50000
2123,66,1731,37.165050,5.50000
2124,69,1732,27.527734,3.00000
2125,76,1733,75.007501,7.50000
2126,79,1734,40.004801,5.00000
2127,94,1736,23.652964,3.50000
2128,118,1739,40.544924,6.00000
2129,139,1740,74.332863,11.00000
2130,284,1741,40.544924,6.00000
2131,285,1742,32.115101,3.50000
2132,325,1743,60.816153,9.00000
2133,352,1744,180.014761,18.00000
2134,1745,352,70.952178,10.50000
2135,395,1746,135.146093,20.00000
2136,459,1747,67.572133,10.00000
2137,565,1748,97.981579,14.50000
2138,676,1749,87.842586,13.00000
2139,721,1750,82.576383,9.00000
2140,795,1751,68.813653,7.50000
2141,798,1752,150.012751,15.00000
2142,801,1754,60.816153,9.00000
2143,806,1755,128.387834,19.00000
2144,820,1756,90.009001,9.00000
2145,821,1758,41.288192,4.50000
2146,894,1759,110.008581,11.00000
2147,898,1761,68.813653,7.50000
2148,929,1762,84.466593,12.50000
2149,988,1763,70.952178,10.50000
2150,994,1764,125.009376,12.50000
2151,1020,1766,37.165050,5.50000
2152,1045,1767,50.464271,5.50000
2153,1047,1768,74.332863,11.00000
2154,1051,1769,30.408076,4.50000
2155,1095,1770,73.399883,8.00000
2156,1109,1771,22.940515,2.50000
2157,1111,1772,32.115101,3.50000
2158,1114,1773,64.226076,7.00000
2159,1135,1774,27.527734,3.00000
2160,1254,1775,123.863552,13.50000
2161,1294,1776,18.353338,2.00000
2162,1336,1777,87.842586,13.00000
2163,1341,1778,20.274106,3.00000
2164,1342,1779,75.007501,7.50000
2165,1351,1780,64.193093,9.50000
2166,1370,1781,10.138492,1.50000
2167,1371,1782,27.029949,4.00000
2168,1375,1783,27.029949,4.00000
2169,1399,1784,87.842586,13.00000
2170,1424,1785,50.464271,5.50000
2171,1432,1786,94.598430,14.00000
2172,1450,1787,55.050922,6.00000
2173,1454,1788,36.701288,4.00000
2174,1487,1789,45.875768,5.00000
2175,1521,1790,50.681668,7.50000
2176,1538,1791,82.576383,9.00000
2177,1540,1792,73.399883,8.00000
2178,1547,1793,37.165050,5.50000
2179,1549,1794,150.012751,15.00000
2180,1795,1549,60.816153,9.00000
2181,1557,1796,70.008401,7.00000
2182,1567,1797,165.013779,16.50000
2183,1615,1799,10.138492,1.50000
2184,1629,1800,50.464271,5.50000
2185,1631,1801,18.353338,2.00000
2186,1695,1696,59.637405,6.50000
2187,1702,1703,133.037104,14.50000
2188,1704,1705,55.050922,6.00000
2189,1707,1708,41.288192,4.50000
2190,1713,1714,50.464271,5.50000
2191,1719,1720,27.527734,3.00000
2192,1722,1723,41.288192,4.50000
2193,1725,1726,45.875768,5.00000
2194,1727,1728,41.288192,4.50000
2195,1734,1735,27.527734,3.00000
2196,1744,1745,110.100632,12.00000
2197,1752,1753,105.513057,11.50000
2198,1756,1757,64.226076,7.00000
2199,1759,1760,77.990953,8.50000
2200,1764,1765,87.161161,9.50000
2201,1794,1795,105.513057,11.50000
2202,1797,1798,114.688106,12.50000
END,,,,